masses,Portal_Coupling
10.0,0.17449279942849408
57.5,0.0008909320654610322
105.0,0.02011232052106323
152.5,0.02526038598481906
200.0,0.03164224731437112
